date,state,name,code,cases,deaths
2020-09-27,AC,Acrelândia,120001.0,10,0 
2020-09-27,AC,Assis Brasil,120005.0,15,0
2020-09-28,AC,brasiléia,120010.0,5,0
2020-04-27,RJ,Rio de Janeiro,120013.0,35,0
2020-04-28,RJ,Cabo Frio,120017.0,20,0
2020-05-15,RJ,Volta redonda,120020.0,25,0
2020-05-15,MG,Juiz de Fora,120025.0,12,0
2020-08-07,MG,Belo Horizonte,120030.0,0,0
2020-08-07,MG,Santos Dumont,120032.0,10,0
2020-04-24,SP,São Paulo,120033.0,13,0
2020-04-24,SP,Campo Grande,120034.0,40,0
2020-03-19,SP,Atibaia,120035.0,0,0
2020-03-19,BA,Salvador,120038.0,0,0
2020-02-05,BA,Porto Seguro,120039.0,32,0
2020-10-10,BA,Ilhéus,120040.0,19,0